{"cameraMode":{"drawMode":0,"name":"Shaded","section":"Shading Mode"},"sceneLighting":true,"audioPlay":false,"sceneViewState":{"showFog":true,"showMaterialUpdate":false,"showSkybox":true,"showFlares":true,"showImageEffects":true,"showParticleSystems":true},"in2DMode":false,"pivot":{"x":0.6100000143051148,"y":8.100000381469727,"z":178.9600067138672},"rotation":{"x":0.18983128666877747,"y":-0.6307327747344971,"z":0.16300073266029359,"w":0.7345549464225769},"size":22.0,"orthographic":false}