{"cameraMode":{"drawMode":0,"name":"Shaded","section":"Shading Mode"},"sceneLighting":true,"audioPlay":false,"sceneViewState":{"showFog":true,"showMaterialUpdate":false,"showSkybox":true,"showFlares":true,"showImageEffects":true,"showParticleSystems":true},"in2DMode":false,"pivot":{"x":3.532285690307617,"y":8.850200653076172,"z":0.4812851846218109},"rotation":{"x":0.037482257932424548,"y":0.02188093215227127,"z":-0.000820979184936732,"w":0.999057412147522},"size":26.0181941986084,"orthographic":false}