{"cameraMode":{"drawMode":0,"name":"Shaded","section":"Shading Mode"},"sceneLighting":true,"audioPlay":false,"sceneViewState":{"showFog":true,"showMaterialUpdate":false,"showSkybox":true,"showFlares":true,"showImageEffects":true,"showParticleSystems":true},"in2DMode":false,"pivot":{"x":-0.9292457103729248,"y":-2.5389232635498049,"z":-0.4611680507659912},"rotation":{"x":0.19258758425712586,"y":0.10808685421943665,"z":-0.021347885951399804,"w":0.9750751852989197},"size":22.0,"orthographic":false}