{"cameraMode":{"drawMode":0,"name":"Shaded","section":"Shading Mode"},"sceneLighting":true,"audioPlay":false,"sceneViewState":{"showFog":true,"showMaterialUpdate":false,"showSkybox":true,"showFlares":true,"showImageEffects":true,"showParticleSystems":true},"in2DMode":false,"pivot":{"x":3.122164487838745,"y":-1.8154734373092652,"z":4.22782564163208},"rotation":{"x":0.2733386754989624,"y":0.06430088728666306,"z":-0.01831739954650402,"w":0.9595915079116821},"size":13.159893989562989,"orthographic":false}