{"cameraMode":{"drawMode":0,"name":"Shaded","section":"Shading Mode"},"sceneLighting":false,"audioPlay":false,"sceneViewState":{"showFog":true,"showMaterialUpdate":false,"showSkybox":false,"showFlares":true,"showImageEffects":true,"showParticleSystems":true},"in2DMode":false,"pivot":{"x":0.0,"y":1.4937500953674317,"z":0.12605658173561097},"rotation":{"x":0.19324012100696565,"y":0.38200798630714419,"z":-0.08202105015516281,"w":0.9000003933906555},"size":1.8220195770263672,"orthographic":false}