{"cameraMode":{"drawMode":0,"name":"Shaded","section":"Shading Mode"},"sceneLighting":false,"audioPlay":false,"sceneViewState":{"showFog":true,"showMaterialUpdate":false,"showSkybox":false,"showFlares":true,"showImageEffects":true,"showParticleSystems":true},"in2DMode":false,"pivot":{"x":-0.11328125,"y":1.435954213142395,"z":0.20641955733299256},"rotation":{"x":0.05153470113873482,"y":-0.9067676663398743,"z":0.1162433847784996,"w":0.40200015902519228},"size":7.301369667053223,"orthographic":false}