{"cameraMode":{"drawMode":0,"name":"Shaded","section":"Shading Mode"},"sceneLighting":false,"audioPlay":false,"sceneViewState":{"showFog":true,"showMaterialUpdate":false,"showSkybox":false,"showFlares":true,"showImageEffects":true,"showParticleSystems":true},"in2DMode":false,"pivot":{"x":14.411798477172852,"y":2.398484945297241,"z":0.1015625},"rotation":{"x":0.09629391878843308,"y":0.2243397980928421,"z":-0.022282440215349199,"w":0.9694857597351074},"size":11.399659156799317,"orthographic":false}