{"cameraMode":{"drawMode":0,"name":"Shaded","section":"Shading Mode"},"sceneLighting":false,"audioPlay":false,"sceneViewState":{"showFog":true,"showMaterialUpdate":false,"showSkybox":false,"showFlares":true,"showImageEffects":true,"showParticleSystems":true},"in2DMode":false,"pivot":{"x":0.6463842391967773,"y":2.520042657852173,"z":-2.384185791015625e-7},"rotation":{"x":0.044978637248277667,"y":0.01648198999464512,"z":-0.0007423818460665643,"w":0.9988517761230469},"size":7.128308296203613,"orthographic":false}